{
    "ResNet18": {
        "image_213.jpg": {
            "spatula": 0.6205191612243652,
            "shovel": 0.05129638686776161,
            "ladle": 0.05117277428507805
        },
        "image_191.jpg": {
            "mixing bowl": 0.5561408400535583,
            "soup bowl": 0.2893467843532562,
            "mortar": 0.04159266874194145
        },
        "image_160.jpg": {
            "strainer": 0.2757117450237274,
            "dough": 0.0875854641199112,
            "Petri dish": 0.08469334989786148
        },
        "image_123.jpg": {
            "hockey puck": 0.43037599325180054,
            "bottle cap": 0.05700340121984482,
            "plectrum": 0.05119824782013893
        },
        "image_038.jpg": {
            "Dutch oven": 0.6813560724258423,
            "Crock Pot": 0.11886510998010635,
            "strainer": 0.0897597000002861
        },
        "image_164.jpg": {
            "Petri dish": 0.07623273134231567,
            "strainer": 0.07087162137031555,
            "ladle": 0.06527072936296463
        },
        "image_030.jpg": {
            "bucket": 0.36560115218162537,
            "Crock Pot": 0.15948642790317535,
            "waste container": 0.09057750552892685
        },
        "image_082.jpg": {
            "frying pan": 0.31602004170417786,
            "strainer": 0.18603850901126862,
            "can opener": 0.06848733872175217
        },
        "image_103.jpg": {
            "coffee mug": 0.5514515042304993,
            "cup": 0.4286467730998993,
            "pitcher": 0.008569530211389065
        },
        "image_185.jpg": {
            "trifle": 0.26508232951164246,
            "soup bowl": 0.14693716168403625,
            "red wine": 0.07312874495983124
        },
        "image_188.jpg": {
            "coffee mug": 0.6999172568321228,
            "cup": 0.2018982321023941,
            "water jug": 0.027266789227724075
        },
        "image_162.jpg": {
            "tray": 0.28205952048301697,
            "soup bowl": 0.12448533624410629,
            "cup": 0.09416597336530685
        },
        "image_072.jpg": {
            "frying pan": 0.39280402660369873,
            "strainer": 0.3330192267894745,
            "ladle": 0.1300506591796875
        },
        "image_049.jpg": {
            "Dutch oven": 0.4105631113052368,
            "Crock Pot": 0.19399547576904297,
            "coffeemaker": 0.14744189381599426
        },
        "image_225.jpg": {
            "ladle": 0.4772014617919922,
            "maraca": 0.33653149008750916,
            "wooden spoon": 0.16920478641986847
        },
        "image_032.jpg": {
            "Crock Pot": 0.5288154482841492,
            "bucket": 0.19323252141475677,
            "Dutch oven": 0.13227775692939758
        },
        "image_187.jpg": {
            "pitcher": 0.3981487452983856,
            "water jug": 0.21025891602039337,
            "cup": 0.1358984410762787
        },
        "image_203.jpg": {
            "spatula": 0.4434685707092285,
            "barrette": 0.13168121874332428,
            "strainer": 0.10380911827087402
        },
        "image_212.jpg": {
            "spatula": 0.24162685871124268,
            "airship": 0.04129122570157051,
            "fountain pen": 0.0387335903942585
        },
        "image_298.jpg": {
            "ladle": 0.7482079267501831,
            "shovel": 0.12436249107122421,
            "wooden spoon": 0.02482503093779087
        }
    },
    "EfficientNetB0": {
        "image_213.jpg": {
            "spatula": 0.7979748845100403,
            "paintbrush": 0.04127458482980728,
            "ladle": 0.029591385275125504
        },
        "image_191.jpg": {
            "soup bowl": 0.3414904773235321,
            "mixing bowl": 0.19126662611961365,
            "cup": 0.12952329218387604
        },
        "image_160.jpg": {
            "strainer": 0.2577415108680725,
            "tray": 0.14323152601718903,
            "soup bowl": 0.054838694632053375
        },
        "image_123.jpg": {
            "soup bowl": 0.15391390025615692,
            "cup": 0.13443435728549957,
            "tray": 0.11013239622116089
        },
        "image_038.jpg": {
            "Dutch oven": 0.39222845435142517,
            "Crock Pot": 0.16152752935886383,
            "bucket": 0.06283167749643326
        },
        "image_164.jpg": {
            "golf ball": 0.14681066572666168,
            "Petri dish": 0.10441412776708603,
            "soup bowl": 0.09095478802919388
        },
        "image_030.jpg": {
            "bucket": 0.25097745656967163,
            "Crock Pot": 0.136994406580925,
            "Dutch oven": 0.1359415352344513
        },
        "image_082.jpg": {
            "frying pan": 0.6153146624565125,
            "strainer": 0.07440371066331863,
            "ladle": 0.0525810606777668
        },
        "image_103.jpg": {
            "coffee mug": 0.5733176469802856,
            "cup": 0.36879101395606995,
            "eggnog": 0.004513407591730356
        },
        "image_185.jpg": {
            "red wine": 0.24216113984584808,
            "soup bowl": 0.1109229102730751,
            "cup": 0.029604995623230934
        },
        "image_188.jpg": {
            "coffee mug": 0.6714245676994324,
            "cup": 0.20668092370033264,
            "pitcher": 0.046503983438014984
        },
        "image_162.jpg": {
            "tray": 0.35675787925720215,
            "plate": 0.1198376938700676,
            "soup bowl": 0.051090389490127563
        },
        "image_072.jpg": {
            "frying pan": 0.48905444145202637,
            "ladle": 0.15992721915245056,
            "wok": 0.08944873511791229
        },
        "image_049.jpg": {
            "Dutch oven": 0.3009670674800873,
            "Crock Pot": 0.12158545106649399,
            "water jug": 0.10716813802719116
        },
        "image_225.jpg": {
            "ladle": 0.548791766166687,
            "wooden spoon": 0.0992191806435585,
            "maraca": 0.07773400098085403
        },
        "image_032.jpg": {
            "Dutch oven": 0.1617385447025299,
            "Crock Pot": 0.13933782279491425,
            "bucket": 0.06982671469449997
        },
        "image_187.jpg": {
            "pitcher": 0.49060025811195374,
            "teapot": 0.14672152698040009,
            "water jug": 0.09054664522409439
        },
        "image_203.jpg": {
            "spatula": 0.12680822610855103,
            "can opener": 0.10549705475568771,
            "strainer": 0.07764694094657898
        },
        "image_212.jpg": {
            "nail": 0.24475744366645813,
            "paintbrush": 0.09854041039943695,
            "lens cap": 0.06418255716562271
        },
        "image_298.jpg": {
            "ladle": 0.8163352608680725,
            "wooden spoon": 0.035313405096530914,
            "shovel": 0.01812533102929592
        }
    },
    "MobileNetV3": {
        "image_213.jpg": {
            "spatula": 0.962780237197876,
            "strainer": 0.012050014920532703,
            "screwdriver": 0.005396455060690641
        },
        "image_191.jpg": {
            "mixing bowl": 0.8952969908714294,
            "soup bowl": 0.09274465590715408,
            "cup": 0.00636229757219553
        },
        "image_160.jpg": {
            "strainer": 0.5924777984619141,
            "tray": 0.17008592188358307,
            "soup bowl": 0.09589123725891113
        },
        "image_123.jpg": {
            "bottle cap": 0.37476426362991333,
            "red wine": 0.21455548703670502,
            "cup": 0.08045144379138947
        },
        "image_038.jpg": {
            "strainer": 0.9779922366142273,
            "Dutch oven": 0.016337960958480835,
            "bucket": 0.005266280844807625
        },